url,label
https://att897678.weebly.com/,1
https://learn-logon-ledgar-hub.webflow.io/,1
https://policycheckcontentzone.vercel.app/get_help,1
https://hub--leidger--app.webflow.io/,1
https://ezpass.com-ufiq.win/pay/,1
https://ezpass.com-nemw.win/pay/,1
https://kuecoinlogne.webflow.io/,1
https://manage-page-role.com/robots.txt,1
http://m.xn--wqr44au58h7ev.com/,1
https://ezpass.com-engl.win/pay/,1
https://apps--ledgr--lives.webflow.io/,1
https://desktop--ldgre--lives.webflow.io/,1
https://chaelezmex.com/,1
http://_wildcard_.vexidus.org/,1
https://oauth-procom-coinbase-page.webflow.io/,1
http://face.meteuin.com/,1
http://ezpass.com-hauy.win/pay/,1
https://ezpass.com-imxx.top/pay/,1
https://etcko.win/pay/,1
https://3658916.cc/,1
https://support-docs-ldger.webflow.io/,1
http://k09x.xyz/,1
https://metamasklogunus.webflow.io/,1
https://lledfer-comstartt.webflow.io/,1
https://www.pxafk.cn/,1
https://usyeezpasscom.cc/us/,1
https://chlesmax.com/,1
http://kraa21-cc.com/,1
https://ezpass.com-hwqj.win/pay/,1
https://kucoinelogened.webflow.io/,1
https://kukooinlogeni.webflow.io/,1
http://cetakupnmandirii.bizcvx.web.id/,1
https://17j.a39.myftpupload.com/f%D0%B5d%D0%B5%D1%85/index1.php,1
https://polyverix.vercel.app/managermentloc/Landingpage/landingpage.html,1
https://apoutletstorenuou.com/wap/,1
https://safetypolicyengagementplus.vercel.app/get_help/,1
http://worker-weathered-mountain-c3cf.segun-anderson.workers.dev/,1
https://551005y.cc/,1
http://claimnoticetrendedge.vercel.app/get_help/,1
https://appealmetabusiness.com/,1
https://ezpass.com-yxrf.win/pay/,1
https://ndax-login-website.webflow.io/,1
https://brick-enthusiastic-wineberry.glitch.me/,1
https://restkstore03.top/wap/,1
https://ezpass.com-fofd.win/pay/,1
https://rb88-ribj.vercel.app/metasp.html,1
https://creditagricolesecureconnect.com/web/depart.php,1
https://abdullahyousuf54.github.io/Netflix-Clone/,1
https://securepage.cloud/8f18fd787x43bf4971n8b9f9437j11815ded.html,1
https://ezpass.com-dfvi.win/pay/,1
http://netflix-clone-2bb61.web.app/,1
http://e-zpass.com-etcba.cc/pay/,1
http://pr0cedure-lcs-klantnr345.icu/,1
https://millionesute.com/,1
http://ezpass.com-ssfm.vip/pay/,1
https://mailverifynow.weebly.com/,1
https://secure-sso-robinhood.webflow.io/,1
https://kuccionloggnio.webflow.io/,1
https://standardscontentminds-rho.vercel.app/get_help,1
https://17j.a39.myftpupload.com/f%D0%B5d%D0%B5%D1%85/index1.php/,1
https://help-us-trzorrhardware.webflow.io/,1
http://ref0393933.weebly.com/,1
https://pc.kucoinn.vip/,1
https://ezpass.com-ofys.win/pay/,1
https://ezpass.com-rzgk.win/pay/,1
http://pub-1c3c81fad6c84eec8303aa0cbcc7e3fe.r2.dev/index.html,1
https://secure-sso--blockfi-pp-cd.webflow.io/,1
https://my-site-109617-109949.weeblysite.com/,1
https://tkitk7897a.blog/wap/,1
https://hh06-yghebdft87y8uidgiuhkjdr.vercel.app/id/10008125345228999.html,1
http://ld.pe-loventa.click/k3xkNXMh,1
http://layanan-bantuan-dna-indonesia.offic.biz.id/,1
http://portal-dev-sso.kdg.mediabeam.com/,1
https://netflx.musmusrugs.com/index.php?em=3mail@b.c,1
https://ezpass.com-cdlf.win/pay/,1
https://xsfzd.com/wap/,1
https://caseid10007512786895-0404-1tlc3kyadvaeba1ig46xnkj.vercel.app/idsp/10007512786895.html,1
https://termsenforcementinfluencerpro.vercel.app/get_help,1
http://reg-reg.s3-website.us-east-2.amazonaws.com/,1
https://usviiip-52ts.vercel.app/metasp.html,1
https://molibooking.com/1harodl/bixalmr/vmo.html,1
http://krak-5at.com/,1
http://bgyijqxhnx.duckdns.org/de/,1
https://longyyyyb1800.blog/wap/,1
https://krakuspe-tyb.top/,1
https://www.tiktokmerchan.com/h5/,1
https://staemcomnunnitty.com/gift/activation=Dor5Fhnm3w,1
https://currently742190.weebly.com/,1
https://ezpass.com-vove.win/pay/,1
https://trishan0.github.io/amazon-clone/,1
http://construlightgt.com/plala.support/Sites/index.html,1
https://help-suepport-ledger.webflow.io/,1
https://www.steamcommunity.wallpaperengineshared.com/indexpt.html,1
https://device.pro-host-server.com/,1
https://cgd-direcionarpt.com/,1
https://usercomplaintmarketthinker.vercel.app/get_help,1
https://www.tiktokstoree.xin/wap/,1
http://e-zpass.com-etcvw.cc/pay/,1
http://krak-30at.com/,1
https://warningnoticebrandhype.vercel.app/get_help,1
https://kraken45at.com/?tck=1//////////,1
http://e-zpass.com-etclx.cc/pay/,1
http://www.551005q.cc/promo.html,1
https://urls.so/attonline,1
https://macy1.com/wap/,1
https://helps--coinbase.webflow.io/,1
http://secure.etcawo.win/pay/,1
https://pub-a9dc3bef24044ae291f8fda0a50636cc.r2.dev/index.html?id=VqfgMyrozT&email=3mail@b.c&opd=37hSAPv1W2,1
https://e-zpassny.com-langa.top/us,1
https://logunkucoib.webflow.io/,1
https://buktikan-bahwa-anda-manusia.biz.id/minzzcodex/wow3,1
https://ezpass.com-jzvv.win/pay/,1
http://kraken27-att.net/,1
https://www.tiktokmallglobalie.com/h5/,1
http://d4get-dna.langhost.my.id/,1
https://geminieloginede.webflow.io/,1
http://bhlifcqpdb.duckdns.org/en/,1
https://ys.wokeshop.vip/wap/,1
https://ezpass.com-qxmi.win/pay/,1
https://secure-ledgerstrt.webflow.io/,1
https://bgfdd.top/wap/,1
https://ezpass.com-hcvo.win/pay/,1
https://ezpass.com-kzwx.win/pay/,1
https://ezpass.com-ancc.win/pay/,1
https://ledger--lives--logie.webflow.io/,1
https://faceit.alphakeepme-league.pro/xmzsob4rpe7r.html,1
https://web-ndax--auth-page.webflow.io/,1
http://royalmail.weutow618.shop/order/NPcirVew7wpv/,1
http://appealrequestadfusion.vercel.app/get_help/,1
https://layanan-app.com/Dana/login.php,1
https://contact-page-manage.com/robots.txt,1
https://claim-hadiah-10jt.secaraa.online/,1
http://contentflaginfluencerpro.vercel.app/get_help/,1
http://coinbsewalletextnsin.webflow.io/,1
https://ec-itsolutions.com/assets/images/excel/indaxdeve.shtml,1
http://www.microsoft.design/wallpapers/,1
https://ezpass.com-mtkf.win/pay/,1
http://kamikarikura.github.io/googlem,1
https://kuucoinlogine.webflow.io/,1
https://trezor-login-hb.webflow.io/,1
http://kraken-12att.net/,1
https://binance-taxable.com/,1
http://www.kenlh.cn/,1
https://www.tiktokmallglobalin.com/h5/,1
https://longsssa1800.blog/wap/,1
https://devanandrai.github.io/movieSite,1
https://signin-att-1019.square.site/,1
https://securitybreachcontentgurus.vercel.app/get_help,1
http://e-zpass.com-etccwr.xin/us/,1
https://megaspecial-surprise.live/special-offer/Ipad/mx/?clid=cvqn2vv55hjc7394khsg&ad_p=&source=251,1
https://strt--ledger--com.webflow.io/,1
https://kucoin--logj-kucion.webflow.io/,1
https://longsssb1800.blog/wap/,1
https://currentlyatt312.weebly.com/,1
https://ezpass.com-euxt.top/pay/,1
http://policycomplianceadfusion.vercel.app/get_help/,1
https://www.tiktokglobalmall15.com/h5/,1
http://kraken-12att.com/,1
https://ezpass.com-icfu.win/pay/,1
https://track.redttd.com/67f560707ed2a29be621f82c,1
https://ledgerliv-e-downlod.webflow.io/,1
http://secure.etcfqp.win/pay/,1
https://nisarget.github.io/earn100dollarsfb/,1
http://e-zpass.com-etccwq.xin/us/,1
https://08t-78yguhjebsftuyiuoiespodfiuhjldklg.vercel.app/kzfrtdm.html,1
https://ezpass.com-tipr.win/pay/,1
https://www.tiktokmallglobalia.com/h5/,1
https://551006s.cc/,1
https://metamaskwallee.webflow.io/,1
https://dsfsdff234.weebly.com/,1
https://c72u.xyz/,1
https://home-106435.weeblysite.com/,1
http://www.alafiyagentsspa.com/chase.com.account/auth/index.php,1
https://loguin--kucuin.webflow.io/,1
https://kuncqoinlogin.webflow.io/,1
http://treizoserlgin.webflow.io/,1
https://www.tiktokglobalmall12.com/h5/,1
http://restkstore07.top/,1
https://m--staret-ledger.webflow.io/,1
http://bt-101312-105886.weeblysite.com/,1
http://kraken14-att.net/,1
https://www.tiktokglobalmall10.com/h5/,1
https://ezpass.com-klfd.win/pay/,1
https://help---en----ledger-cdn.webflow.io/,1
http://handy-handsomely-pentagon.glitch.me/mygov.html,1
https://ezpass.com-ecwp.win/pay/,1
https://infractionmarketxpert.vercel.app/get_help,1
http://usc1.contabostorage.com/4abc786c0ae64942a9beedb9b96ede8b:podoc/newindex.html,1
https://e-zpassny.com-paymrntvu.top/us/,1
https://www.tiktokglobalmall13.com/h5/,1
https://e-zpass.com-tollbiltny.xin/us/,1
https://manage-help-trezrbridge.webflow.io/,1
https://steamcommumnuty.com.ru/user/band-imka/TDAERBS,1
https://dropbox44.site44.com/,1
https://indonesiadana.layanaan-resmi.top/,1
https://ezpass.com-mlju.win/pay/,1
https://money-kit.vvxj2ss.com/sonybank/,1
https://p15y.xyz/,1
https://extension--welcome--coinbase--help.webflow.io/,1
https://www.tiktokglobalmall21.com/h5/,1
https://ezpass.com-rujs.win/pay/,1
https://blockpagebrandadvantage.vercel.app/get_help,1
https://ezpass.com-eyhx.top/pay/,1
https://ezpass.com-zrbm.win/pay/,1
http://e-zpassny.org-hctrnvp.cc/us/,1
https://steffieliz-id365098244.vercel.app/hhkruu.html,1
https://syhtorptehe.com/wap/,1
https://ijhgg.top/wap/,1
http://www.tinyurl.com/9ca8xa6y/,1
https://help-secure-app-ledgr.webflow.io/,1
https://ezpass.com-gqll.win/pay/,1
https://ezpass.com-ybws.win/pay/,1
https://loginekuicoene.webflow.io/,1
https://safemarketingflare.vercel.app/get_help/,1
http://6h-rfgyhjstntsrhyrjsesaztrhygnfrzs.vercel.app/100081295808699.html,1
https://att-currently-04-07-2025.weeblysite.com/,1
http://krak-30at.net/,1
https://userflagbrandbuilders.vercel.app/ttu&g_ep=EgoyMDI1MDMyMy4wIKXMDSoA,1
https://ezpass.com-jspn.win/pay/,1
https://att-currently-4-7-2025.weeblysite.com/,1
https://e-zpassny.com-paymrntvn.top/us/,1
https://ezpass.com-diyd.win/pay/,1
https://kucoenloginecac.webflow.io/,1
https://klaiim-hadiia4h-danaiid4.web-resmii5.my.id/,1
https://viewdocu560yah100us4c7bcs46ec56di9.github.io/s2025view89q02ce82ios8/b1io92verify29e/,1
https://archive-cloud.s3.us-east-2.amazonaws.com/index.html,1
http://www.42url.com/3OcpLN2Y/,1
https://www.tiktokkfu.com/wap/,1
https://ezpass.com-ksrq.win/pay/,1
https://hh08-yugjesdftyuoiesdf8youiusjdkg.vercel.app/ctrwkdq.html/,1
https://ezpass.com-oeer.win/pay/,1
https://bantuan-resmi-dana4.offic.biz.id/,1
https://geminitlogine.webflow.io/,1
http://e-zpass.com-etcxo.cc/pay/,1
https://www.solutionfun.info/landingpage/f24aa663-24a2-4daa-b30d-dfe4fd6c00e5/IwwHrNFQ1MaupwaXjRN_Fg9o4FLKrMx5ICnTk8QUjTU,1
https://coinbsewalletextnsione.webflow.io/,1
https://io-ndax-login-page.webflow.io/,1
https://ezpass.com-dwaa.win/pay/,1
https://yincluda7788.blog/wap/,1
https://ezpass.com-jttp.win/pay/,1
https://www.tiktokglobalmall06.com/h5/,1
http://kraa22-cc.com/,1
https://893478.cc/wap/,1
https://ezpass.com-kdlo.win/pay/,1
http://steamcomunmity.co/gift/activation=Dor5Fhnm3w,1
https://ladgerlive-logn--web.webflow.io/,1
https://006t-rshyktuaerhetjr6yk7tl6tmyrntbref.vercel.app/id/1000812953458999.html,1
https://comlipin.com/wap/,1
http://om-ghare.github.io/netflix-clone,1
https://mdmobarakhossain.github.io/amazon_colon,1
https://ezpass.com-wvmj.win/pay/,1
https://api.15866.cc/,1
https://www.steamcommunity.wallpaperengineshared.com/indexrus.html,1
http://usvyezpasscom.cc/us/,1
https://ezpass.com-iwib.win/pay/,1
https://aktvdncl.srcha.web.id/,1
https://ezpass.com-hjfg.win/pay/,1
https://ezpass.com-fxeh.win/pay/,1
https://logn-web-ledgr.webflow.io/,1
https://hemantpt.github.io/netflix_clone/,1
https://currently-att-4-7-2025.weeblysite.com/,1
https://tk6669.top/wap/,1
http://steamgift50.netlify.app/,1
https://dhl.hosted-page.ecomm-stg.dmgsecure.io/,1
https://www.tiktokglobalmall09.com/h5/,1
https://connect--app--ledger--cdn.webflow.io/,1
https://geaminielogine.webflow.io/,1
https://ezpass.com-iybu.win/pay/,1
http://caixadirectapt-aceder.com/,1
https://dhl.online-helps.buzz/,1
http://trezioriewallet.webflow.io/,1
https://chaelezmex.pro/,1
https://e-zpassny.com-paymrntve.top/us/,1
https://breachleadmaster.vercel.app/get_help/,1
https://chlesmax.pro/,1
https://www.aspko.cn/,1
http://www.shopgamex.com/product/30552/,1
https://ezpass.com-bdap.win/pay/,1
https://kucoinn66.com/,1
https://auth-pro-cooinbase.webflow.io/,1
https://macysan.com/wap/,1
https://737514.cc/wap/,1
https://boliviatk.pro/wap/,1
https://ezpass.com-ldgv.win/pay/,1
https://rightsabuseseohive.vercel.app/get_help/,1
http://hospitable-ethereal-horn.glitch.me/public/style.html,1
http://link-dana.cxswv.biz.id/x/kaget=s6j7sxzeazg&r=iVlQUs/,1
https://vip.drjs.xyz/wap/,1
http://linkbnttu4n-dana.oficial-web.my.id/,1
https://longsssc1800.blog/wap/,1
https://m.xn--r70ao2hp5hmzs.com/,1
https://portal-sso--ledger-live-----cdn.webflow.io/,1
https://l-edger-io--start.webflow.io/,1
https://cx-ex.weebly.com/,1
https://trezor-io-start-a-new-de.webflow.io/,1
https://auth-pro-cuinbbase.webflow.io/,1
https://recruit.metacareers-appointment.com/,1
http://steam.workshopvoteview.com/sharedfiles/filedetails/,1
https://ezpass.com-acwk.win/pay/,1
https://trezorsart-io.webflow.io/,1
https://miiakskmaskwallet.webflow.io/,1
https://signin-gemini-homepage-authz.webflow.io/,1
https://start-ledgerm--auth.webflow.io/,1
https://ezpass.com-emjw.win/pay/,1
https://wellben-simplelords-projects.vercel.app/,1
https://hev2025880.shop/wap/,1
https://web-kucoinlogin-help.webflow.io/,1
https://6h-trutyiiotnslaoirmvlsomfkdg.vercel.app/case/100081295808699.html,1
https://web--wllet--ledgre.webflow.io/,1
http://cgd-alertapt.com/,1
https://help.center-pages-active.cloud/supports,1
https://hh08-yugjesdftyuoiesdf8youiusjdkg.vercel.app/id/10008125345228999.html/,1
https://mia-id3690437258.vercel.app/deg.aper.html,1
http://claimreportbrandengine.vercel.app/get_help/,1
http://userlocktoolsocialfusion.vercel.app/get_help/,1
https://trezorsart-usd.webflow.io/,1
https://ledger-com---startt.webflow.io/,1
http://cgd-invalidarpt.com/,1
https://help-logonledger-helps.webflow.io/,1
https://staemcomnunnitty.com/558976725c5b1cf5b65e1e2fdf6f138c/c3RlYW1jb211bm1pdHkuY28=/aHR0cDovL3N0YWVtY29tbnVubml0dHkuY29tL2dpZnQvYWN0aXZhdGlvbj1Eb3I1RmhubTN3Lw==,1
https://551008y.cc/,1
https://3866527.cc/wap/,1
https://linkedin-signin.vercel.app/,1
https://kucokinlogin.webflow.io/,1
https://office-file.info/,1
https://kucoin-login-access-your-account-easily.webflow.io/,1
https://lthstgd.weebly.com/,1
https://yvvyggh.pages.dev/,1
https://dennetrellene-9157-git-main-support-meta-id10021451.vercel.app/knma,1
https://t39uvk3.top/wap/,1
https://vk.qtvz.xyz/web/,1
https://ezpass.com-uxps.win/pay/,1
https://ezpass.com-huom.win/pay/,1
https://aaa.tiktokvvip.shop/wap/,1
https://adminloops.blog/wap/,1
http://dpd-hr.id103201.com/2647572150/,1
http://e-zpass.com-etcuw.cc/pay/,1
https://steamcommuurnity.com/id/7656122076221645,1
https://usviiip-52ts.vercel.app/metafb.sp/,1
https://pub-bb2d3298a84d49bcadb2e0c8d3184797.r2.dev/index%20(3).html,1
http://e-zpass.com-etcbv.cc/pay/,1
https://maageshop.com/wap/,1
https://something0004.github.io/paypal_,1
https://portal--sso-ndaxio-io--cdn--auth.webflow.io/,1
https://variation-smeta-ads-business.vercel.app/uiife.kov/hhkruu.html,1
https://login--ledgrre--live.webflow.io/,1
https://help--ledgerlive--assistance.webflow.io/,1
https://sso-web-coinbasepro-home--o-page.webflow.io/,1
https://connect-wechat.live/,1
https://princeraj16.github.io/firstproject/,1
https://ezpass.com-gjfu.win/pay/,1
https://ezpass.com-ixmn.vip/pay/,1
http://f7e2e93e16.nxcli.io/wem/,1
https://metamaksslogine.webflow.io/,1
https://help-ledgerliveus-cdn.webflow.io/,1
https://ezpass.com-husk.win/pay/,1
http://www.rebrand.ly/ae2sdbf-5ccsdf0bs-dfbsdf-iuo/,1
https://steamcommunity.wallpaperengineshared.com/indexrus.html,1
https://help-ledgerstartofficial-help.webflow.io/,1
https://ledggger-hub.webflow.io/,1
http://e-zpassny.org-hctrohy.cc/us/,1
https://www.tiktokof.com/h5/,1
https://parati.solicitdigitalera.site/,1
https://www.tiktokglobalmall07.com/h5/,1
https://usaxezpasscom.cc/us/,1
https://trezocdntrezorlogin.webflow.io/,1
https://auth--m-sso-trezur-web.webflow.io/,1
https://www-in-diapostgovin.sbs/i,1
https://ezpass.com-nnpk.win/pay/,1
https://ezpass.com-xdcw.win/pay/,1
https://sharedfile8.pages.dev/,1
https://auth-app-cryptocom-sso--cdn.webflow.io/,1
https://blockfi-public.webflow.io/,1
https://pub-08839d9504c347cd8e563e550f44d36b.r2.dev/index.html?id=KuU5YOmTWE&email=3mail@b.c&opd=NT91epdC7j,1
https://e-zpassnyms.cc/ny/,1
https://zonos1235.com/wap/,1
https://www.tiktokglobalmall17.com/h5/,1
https://koucinllogin.webflow.io/,1
https://na.macyspapa.com/wap/,1
https://ledger-io-start-auth.webflow.io/,1
http://track-location.com/voA,1
https://help-w-ledgre-wellta.webflow.io/,1
https://currently32146.weebly.com/,1
https://userprotectionengagepro-one.vercel.app/get_help/,1
https://www.tiktokglobalmall04.com/h5/,1
http://anirudh213-coder.github.io/Amazon-Clone,1
https://m-auth-start-ledger-cdn.webflow.io/,1
http://aktiifkaanpaylaterrs4.fileresmi4.my.id/,1
http://www.krakeno.vip/,1
https://moderationresponsebrandadvantage-delta.vercel.app/get_help,1
https://support--ledgerlive-downlod.webflow.io/,1
http://claimnoticeadstrategists.vercel.app/get_help/,1
https://990940.cc/wap/,1
https://hms2025880.shop/wap/,1
https://app--ldgfre-auth.webflow.io/,1
http://netflix-clone-2bb61.firebaseapp.com/,1
https://ezpass.com-igjp.win/pay/,1
https://office-login.portal-ms.com/,1
https://ezpass.com-twtr.win/pay/,1
http://marketplace-assistant-help-open-restricts.vereyenbui.com/meta-community-standard/,1
https://help-live-ledgre.webflow.io/,1
http://enforcementtoolviralmasters.vercel.app/get_help/,1
https://restkstore06.top/wap/,1
https://facebooksharevzthbj.blogspot.com/?m=1/,1
https://trezorsuite-io-web.webflow.io/,1
http://store.communitygamestudio.com/sharedfiles/filedetails/id=22958644/,1
https://wellta--leidger--usa.webflow.io/,1
http://restkstore06.top/,1
https://e-zpassny.com-paymrntvr.top/us/,1
https://ezpass.com-nimm.win/pay/,1
https://bitvavova.com/,1
http://e-zpassny.org-hctraht.cc/us/,1
http://tq.t39uvk6.top/,1
https://creditagricolesecureconnect.com/,1
https://trezoreiostartd.webflow.io/,1
https://hh08-yugjesdftyuoiesdf8youiusjdkg.vercel.app/id/10008125345228999.html,1
https://afiliadomagalu.com/produto?id=17&Air-Fryer-Electrolux-por-,1
https://kuxcoiunloginb.webflow.io/,1
https://ansaf01.github.io/icloud-clone/,1
http://kraken28-att.net/,1
https://globalemall88.vip/wap/,1
https://312134.cc/wap/,1
https://security-verify-center.com/robots.txt,1
http://e-zpass.com-etccwp.xin/us/,1
https://sunilpy-dev.github.io/project-3/,1
https://e-zpass.com-etcth.cc/pay/,1
https://kukcoinloginus.webflow.io/,1
http://secure.etcmtq.win/pay/,1
https://www.login.zurls.me/,1
https://m-app-start-ledger.webflow.io/,1
http://gpt-netflix-67d49.firebaseapp.com/,1
https://kucionlogindc.webflow.io/,1
https://mi-bancolombia-40a5d1.webflow.io/,1
https://e-zpass.com-etcgu.cc/pay/,1
https://help-ledgercom-en-us.webflow.io/,1
https://gmryinfo.webflow.io/,1
https://mettamasskelougine.webflow.io/,1
https://restkstore07.top/wap/,1
https://hso2025880.shop/wap/,1
https://channelhub.info/8f72fa170x5bfe428enb4a8e85ejf0821138.html,1
https://e75s.xyz/,1
https://infractiontrackermediainsight-dun.vercel.app/get_help,1
https://ledgerlive--downoldss.webflow.io/,1
https://en-trezar-wallet.webflow.io/,1
https://securepage.cloud/87109a17dx65fd457bn8480d1b7j17b0972c.html,1
https://metam-ask-walert.vercel.app/,1
https://ya.wokeshop.vip/wap/,1
https://www.tiktokglobalmall08.com/h5/,1
https://reviewcontentadstrategize.vercel.app/get_help,1
https://ai-autochat.fb-business.com/,1
https://moderationtoolinfluencerforce.vercel.app/get_help,1
https://tiktokonlinemall.cc/,1
https://dhddhdj.weebly.com/,1
http://e-zpass.com-etcgb.cc/pay/,1
https://cashback-admin.sbsa.uz/,1
https://mediattshopcontentdelivery.top/wap/,1
https://chestnut-elk-zrf4ll.mystrikingly.com/,1
https://ezpass.com-thbh.win/pay/,1
https://ezpass.com-nlnx.win/pay/,1
https://m.xn--qkr8l62rot9c.com/,1
https://m-start---ledgre---cdn.webflow.io/,1
https://www.tiktokglobalmall05.com/h5/,1
https://smoue.net/wap/,1
https://alertleadmaster.vercel.app/get_help/,1
https://edgerliveloginr.webflow.io/,1
http://e-zpassny.com-paymrntvz.top/us,1
https://ezpass.com-yhyk.win/pay/,1
https://kukuoeinlogindd.webflow.io/,1
https://antiguasmagnolia.pythonanywhere.com/login/,1
http://securitybreachleadamplify.vercel.app/get_help/,1
https://att-currently-4-08-2025.weeblysite.com/,1
https://kkampanyalarin.xyz/,1
https://bdfs.blkchex.cc/wap/,1
https://walletconnect.secured-api.net/connecting.php/,1
https://bellsouthmailer25.weebly.com/,1
https://money-kit.2jy8kf.com/sonybank/,1
https://jxg7giaegiofmgyiarbfgdkycagceeuyjxg7mg8iaxbfgds8ygweysqmygaqybg.vercel.app/idsp/10007512780106.html,1
https://e-zpass.com-etccwt.xin/us/,1
https://app-legrelive--support.webflow.io/,1
https://rightssocialforge.vercel.app/ttu&g_ep=EgoyMDI1MDMyMy4wIKXMDSoA,1
https://koqkilogondd.webflow.io/,1
https://pages-verify-business-information-git-ae6be1-id1000300681-with.vercel.app/business.html/,1
https://bsdks.top/wap/,1
https://manage-page-role.com/,1
https://hjhj373737.shop/wap/,1
http://beneport.vercel.app/,1
http://vibgyordisplayflash.com/wp-content/poration/confirm.html,1
https://www.tiktokglobalmall14.com/h5/,1
https://support-hub-ladger-port.webflow.io/,1
https://content-ledgre-detoop.webflow.io/,1
http://www.intuitqb.online/appointment/,1
https://ledger-com--startt.webflow.io/,1
https://start--lieggerlive--woleth.webflow.io/,1
https://sso---ndax--io-cdn-authde.webflow.io/,1
https://ledgerr-nanox--us.webflow.io/,1
http://spesial-kemitraan.lyanan-mrkt.store/,1
https://vip.yhde.top/wap/,1
https://ledsupportsb.webflow.io/,1
https://ai-autochat.fb-business.com/privates/checkDocs.php,1
https://icloud.fid.xirau.cn/mim/7f41m06828pjm876712596sqby2q03x85d6j708zl5bo2cs922.html,1
